cluster,file
1,64_Inbound_202001_Weekday.png
1,71B_Inbound_202001_Weekday.png
1,79_Inbound_202001_Weekday.png
1,Y49_Inbound_202001_Weekday.png
1,39_Inbound_202001_Weekday.png
1,16_Inbound_202001_Weekday.png
1,61C_Inbound_202001_Weekday.png
1,86_Inbound_202001_Weekday.png
1,61D_Inbound_202001_Weekday.png
1,P3_Inbound_202001_Weekday.png
1,27_Inbound_202001_Weekday.png
1,Y46_Inbound_202001_Weekday.png
8,68_Inbound_202001_Weekday.png
8,11_Inbound_202001_Weekday.png
8,O1_Inbound_202001_Weekday.png
8,53_Inbound_202001_Weekday.png
2,93_Inbound_202001_Weekday.png
2,19L_Inbound_202001_Weekday.png
2,P10_Inbound_202001_Weekday.png
2,P78_Inbound_202001_Weekday.png
2,7_Inbound_202001_Weekday.png
2,P7_Inbound_202001_Weekday.png
2,Y45_Inbound_202001_Weekday.png
2,P69_Inbound_202001_Weekday.png
2,P76_Inbound_202001_Weekday.png
2,44_Inbound_202001_Weekday.png
2,21_Inbound_202001_Weekday.png
2,P67_Inbound_202001_Weekday.png
2,20_Inbound_202001_Weekday.png
2,36_Inbound_202001_Weekday.png
2,8_Inbound_202001_Weekday.png
2,P12_Inbound_202001_Weekday.png
6,51_Inbound_202001_Weekday.png
6,82_Inbound_202001_Weekday.png
6,24_Inbound_202001_Weekday.png
6,74_Inbound_202001_Weekday.png
6,61A_Inbound_202001_Weekday.png
6,71C_Inbound_202001_Weekday.png
6,81_Inbound_202001_Weekday.png
6,53L_Inbound_202001_Weekday.png
6,71A_Inbound_202001_Weekday.png
6,14_Inbound_202001_Weekday.png
6,91_Inbound_202001_Weekday.png
6,12_Inbound_202001_Weekday.png
6,54_Inbound_202001_Weekday.png
6,61B_Inbound_202001_Weekday.png
7,51L_Inbound_202001_Weekday.png
7,P68_Inbound_202001_Weekday.png
7,1_Inbound_202001_Weekday.png
7,17_Inbound_202001_Weekday.png
7,6_Inbound_202001_Weekday.png
7,59_Inbound_202001_Weekday.png
7,67_Inbound_202001_Weekday.png
7,Y1_Inbound_202001_Weekday.png
7,15_Inbound_202001_Weekday.png
4,P17_Inbound_202001_Weekday.png
4,38_Inbound_202001_Weekday.png
4,22_Inbound_202001_Weekday.png
4,29_Inbound_202001_Weekday.png
4,41_Inbound_202001_Weekday.png
4,55_Inbound_202001_Weekday.png
4,G31_Inbound_202001_Weekday.png
4,2_Inbound_202001_Weekday.png
4,87_Inbound_202001_Weekday.png
4,31_Inbound_202001_Weekday.png
5,89_Inbound_202001_Weekday.png
5,40_Inbound_202001_Weekday.png
5,56_Inbound_202001_Weekday.png
5,71D_Inbound_202001_Weekday.png
5,83_Inbound_202001_Weekday.png
5,69_Inbound_202001_Weekday.png
5,88_Inbound_202001_Weekday.png
5,13_Inbound_202001_Weekday.png
5,26_Inbound_202001_Weekday.png
5,Y47_Inbound_202001_Weekday.png
5,43_Inbound_202001_Weekday.png
5,48_Inbound_202001_Weekday.png
5,58_Inbound_202001_Weekday.png
5,52L_Inbound_202001_Weekday.png
9,O5_Inbound_202001_Weekday.png
9,P16_Inbound_202001_Weekday.png
9,P13_Inbound_202001_Weekday.png
9,G2_Inbound_202001_Weekday.png
9,18_Inbound_202001_Weekday.png
9,G3_Inbound_202001_Weekday.png
3,P1_Inbound_202001_Weekday.png
3,57_Inbound_202001_Weekday.png
3,65_Inbound_202001_Weekday.png
3,60_Inbound_202001_Weekday.png
3,71_Inbound_202001_Weekday.png
3,P71_Inbound_202001_Weekday.png
3,P2_Inbound_202001_Weekday.png
3,O12_Inbound_202001_Weekday.png
3,28X_Inbound_202001_Weekday.png
3,4_Inbound_202001_Weekday.png
3,77_Inbound_202001_Weekday.png
0,75_Inbound_202001_Weekday.png
